"Type","mean","median","min","max"
"CN",2.28655265560797,2,1,7
"LPN",19.958458724258,20,4,34
"RN",5.24635073803001,5,1,7
